"","seqnames","start","end","width","strand","location","location.1","name","score","a_counts","a_total","b_counts","b_total","a_mod_percentages","b_mod_percentages","a_pct_modified","b_pct_modified","map_pvalue","effect_size","balanced_map_pvalue","balanced_effect_size","pct_a_samples","pct_b_samples","replicate_map_pvalues","replicate_effect_sizes","gene_id","gene_id_strand","gene_description"
"1","chr3",91940614,91940615,2,"*","chr3:91940614-91940615","chr3:91940614-91940615",".",8.14307434390093,"h:0,m:160",189,"h:0,m:128",193,"h:0.00,m:84.66","h:0.00,m:66.32",0.84656084,0.6632124,0.0001454268498331,0.183348411327686,9.54398984633e-05,0.190228174603175,100,100,"0.018864302523926443,0.10021815917753704,0.054118123165955934","0.20147523709167547,0.18623188405797098,0.17421602787456436",NA,NA,NA
"2","chr3",92433514,92433515,2,"*","chr3:92433514-92433515","chr3:92433514-92433515",".",3.25312406772224,"h:0,m:90",105,"h:1,m:92",97,"h:0.00,m:85.71","h:1.03,m:94.85",0.85714287,0.9587629,1,-0.101620029455081,0.0234046529071415,-0.119345238095238,100,100,"0.08187834056841704,1,1","-0.1736242884250475,-0.040909090909090895,-0.10466988727858295",NA,NA,NA
"3","chr3",92577101,92577102,2,"*","chr3:92577101-92577102","chr3:92577101-92577102",".",2.61137174117937,"h:1,m:100",124,"h:2,m:90",135,"h:0.81,m:80.65","h:1.48,m:66.67",0.8145161,0.6814815,0.0491195818087471,0.133034647550777,0.0461290635565831,0.13676603432701,100,100,"0.26961681437834023,0.027015184623945008,1","0.14847942754919496,0.2737931034482759,0",NA,NA,NA
"4","chr3",92578259,92578260,2,"*","chr3:92578259-92578260","chr3:92578259-92578260",".",2.60035553590922,"h:3,m:89",103,"h:1,m:89",116,"h:2.91,m:86.41","h:0.86,m:76.72",0.89320385,0.7758621,0.0626653409174951,0.117341814529628,0.0489011889950111,0.12796697626419,100,100,"0.004168109622288636,0.45031349544462684,1","0.28205128205128205,0.12266112266112261,0.013679890560875596",NA,NA,NA
"5","chr3",92889969,92889970,2,"*","chr3:92889969-92889970","chr3:92889969-92889970",".",5.1248593179991,"h:3,m:95",116,"h:0,m:96",137,"h:2.59,m:81.90","h:0.00,m:70.07",0.8448276,0.7007299,0.0228641240679894,0.144097659199597,0.0447586315987509,0.130994152046783,100,100,"0.403927709193639,1,0.04629206968262506","0.10956636875206893,0.08658008658008665,0.2220338983050848",NA,NA,NA
"6","chr3",92893723,92893724,2,"*","chr3:92893723-92893724","chr3:92893723-92893724",".",5.28893455072296,"h:0,m:85",203,"h:1,m:139",243,"h:0.00,m:41.87","h:0.41,m:57.20",0.4187192,0.5761317,0.0024892039657944,-0.157412475420138,0.0017514937159507,-0.172286714575272,100,100,"1,0.025237623414644885,0.08802764681259603","-0.09336419753086422,-0.2583190394511149,-0.16666666666666663",NA,NA,NA
"7","chr3",95906791,95906792,2,"*","chr3:95906791-95906792","chr3:95906791-95906792",".",2.97852372562545,"a:13",91,"a:3",85,"a:14.29","a:3.53",0.14285715,0.03529412,0.0178933294275327,0.107563025210084,0.0165421576206263,0.109523809523809,100,100,"0.2429980228730211,1,1","0.12666666666666665,0.09888888888888889,0.09142857142857143",NA,NA,NA
"8","chr3",95912298,95912299,2,"*","chr3:95912298-95912299","chr3:95912298-95912299",".",2.99513790695949,"h:3,m:67",93,"h:5,m:83",98,"h:3.23,m:72.04","h:5.10,m:84.69",0.75268817,0.8979592,0.027585658961801,-0.145271011630459,0.006324816363972,-0.175067204301075,100,100,"0.11527109946229187,0.1627791955541488,1","-0.2282913165266106,-0.17329545454545459,-0.057912457912457915",NA,NA,NA
"9","chr3",96136445,96136446,2,"*","chr3:96136445-96136446","chr3:96136445-96136446",".",2.04840091883113,"h:1,m:78",140,"h:2,m:61",145,"h:0.71,m:55.71","h:1.38,m:42.07",0.5642857,0.43448275,0.0743586323736537,0.129802955665025,0.0195552075532387,0.155495169082125,100,100,"1,0.14073015205616776,0.14913872150389118","-0.002000800320127949,0.2276422764227643,0.18650793650793657",NA,NA,NA
"10","chr4",49282064,49282065,2,"*","chr4:49282064-49282065","chr4:49282064-49282065",".",3.35158824409223,"h:1,m:48",88,"h:0,m:34",94,"h:1.14,m:54.55","h:0.00,m:36.17",0.5568182,0.3617021,0.0259977619679337,0.195116054158607,0.0192857756039208,0.208379681127178,100,100,"0.18233750316692726,1,0.035297952420485126","0.22401433691756273,0.0784313725490196,0.3427109974424552",NA,NA,NA
"11","chr4",52485692,52485693,2,"*","chr4:52485692-52485693","chr4:52485692-52485693",".",2.84067981653294,"h:0,m:29",93,"h:0,m:15",99,"h:0.00,m:31.18","h:0.00,m:15.15",0.31182796,0.15151516,0.021064445593229,0.160312805474096,0.0049084124527894,0.179863147605083,100,100,"1,0.1053973175295649,0.261870361452912","0.09999999999999998,0.22554347826086957,0.18699186991869918",NA,NA,NA
"12","chr4",54322273,54322274,2,"*","chr4:54322273-54322274","chr4:54322273-54322274",".",4.63504043566158,"h:1,m:59",64,"h:0,m:59",78,"h:1.56,m:92.19","h:0.00,m:75.64",0.9375,0.75641024,0.0093565721496733,0.181089743589744,0.0036736062364027,0.205738705738706,100,100,"0.021048654061103393,0.4546207292715271,1","0.3203703703703703,0.15000000000000002,0.0873655913978495",NA,NA,NA
"13","chr4",55058980,55058981,2,"*","chr4:55058980-55058981","chr4:55058980-55058981",".",3.90003879660327,"h:1,m:74",152,"h:0,m:46",140,"h:0.66,m:48.68","h:0.00,m:32.86",0.49342105,0.32857144,0.0605855311756966,0.16484962406015,0.0332719345745667,0.175072463768116,100,100,"0.3148676076214426,0.13719814462057686,0.260716566986129","0.15829787234042553,0.2076271186440678,0.167365611894777",NA,NA,NA
"14","chr4",55066845,55066846,2,"*","chr4:55066845-55066846","chr4:55066845-55066846",".",6.5655119779326,"h:0,m:113",139,"h:1,m:82",134,"h:0.00,m:81.29","h:0.75,m:61.19",0.81294966,0.619403,0.0016273794240814,0.193546655213143,0.0005485583750339,0.213109354413702,100,100,"0.35669060224843047,0.020907575683366916,0.07747433297217171","0.12735849056603776,0.3003663003663004,0.19939965694682682",NA,NA,NA
"15","chr5",47243190,47243191,2,"*","chr5:47243190-47243191","chr5:47243190-47243191",".",2.2112359365737,"h:4,m:102",115,"h:2,m:89",111,"h:3.48,m:88.70","h:1.80,m:80.18",0.9217391,0.8198198,1,0.0968468468468468,0.0381731722430941,0.123873873873874,100,100,"1,0.005857041326192058,0.35841078587906283","-0.032945736434108475,0.25,0.1104231166150671",NA,NA,NA
"16","chr5",50704041,50704042,2,"*","chr5:50704041-50704042","chr5:50704041-50704042",".",4.45899670934728,"h:1,m:73",87,"h:0,m:62",94,"h:1.15,m:83.91","h:0.00,m:65.96",0.85057473,0.65957445,0.0105097776660403,0.191000244558572,0.0434983076847479,0.160919540229885,100,100,"0.2866268598606236,0.5092751161683641,0.1023247686441333","0.16880341880341887,0.12962962962962965,0.2473867595818815",NA,NA,NA
"17","chr5",50704972,50704973,2,"*","chr5:50704972-50704973","chr5:50704972-50704973",".",3.98417140770374,"h:1,m:69",81,"h:1,m:94",97,"h:1.23,m:85.19","h:1.03,m:96.91",0.86419755,0.97938144,0.010972896752798,-0.115183912434771,0.0057732178228216,-0.127314814814815,100,100,"0.07958910135020772,0.028325717351169392,1","-0.13888888888888884,-0.19999999999999996,-0.0012195121951219523",NA,NA,NA
"18","chr6",58364026,58364027,2,"*","chr6:58364026-58364027","chr6:58364026-58364027",".",1.37829133790865,"h:3,m:88",153,"h:2,m:122",179,"h:1.96,m:57.52","h:1.12,m:68.16",0.59477127,0.6927374,1,-0.0979661883375324,0.0434490656540575,-0.123629112662014,100,100,"1,0.5280962894318301,0.0671470497572249","-0.027997565429093152,-0.10565476190476186,-0.1941176470588235",NA,NA,NA
"19","chr6",58369186,58369187,2,"*","chr6:58369186-58369187","chr6:58369186-58369187",".",3.37343750758839,"a:5",80,"a:22",113,"a:6.25","a:19.47",0.0625,0.19469027,0.0325442720618112,-0.132190265486726,0.0026945339891754,-0.150727650727651,100,100,"1,0.194270361993129,0.06525100263158704","-0.09702009702009701,-0.17391304347826086,-0.17647058823529413",NA,NA,NA
"20","chr7",59027248,59027249,2,"*","chr7:59027248-59027249","chr7:59027248-59027249",".",2.23963417883579,"h:1,m:27",105,"h:1,m:43",104,"h:0.95,m:25.71","h:0.96,m:41.35",0.26666668,0.42307693,0.0511821313208427,-0.16,0.0217292784674485,-0.192380952380952,100,100,"0.015775847944250836,0.42224662780583844,1","-0.3450292397660819,-0.1642857142857143,-0.02923331494760062",NA,NA,NA
"21","chr7",59029346,59029347,2,"*","chr7:59029346-59029347","chr7:59029346-59029347",".",2.86435637000159,"a:4",98,"a:15",107,"a:4.08","a:14.02",0.040816326,0.14018692,0.0224733369104644,-0.105850340136054,0.0151208241971224,-0.1125,100,100,"1,0.05144701332359793,1","-0.07477477477477479,-0.19365079365079363,-0.05567300916138125",NA,NA,NA
"22","chr7",59031626,59031627,2,"*","chr7:59031626-59031627","chr7:59031626-59031627",".",6.38313037988468,"a:15",92,"a:46",118,"a:16.30","a:38.98",0.16304348,0.3898305,0.005166260054151,-0.223623188405797,0.003676914939377,-0.231111111111111,100,100,"0.027078651886976713,0.1337430170129271,0.1527087908721501","-0.268644747393745,-0.23856209150326796,-0.2025862068965517",NA,NA,NA
"23","chr7",60569317,60569318,2,"*","chr7:60569317-60569318","chr7:60569317-60569318",".",4.86721159407466,"h:1,m:82",84,"h:1,m:94",109,"h:1.19,m:97.62","h:0.92,m:86.24",0.9880952,0.8715596,0.0067967429360155,0.121428571428571,0.0439574271156024,0.110952380952381,100,100,"0.0775268241363941,0.127774097359345,1","0.12121212121212122,0.15384615384615385,0.08153846153846156",NA,NA,NA
"24","chr7",63052864,63052865,2,"*","chr7:63052864-63052865","chr7:63052864-63052865",".",3.45698210285087,"h:1,m:31",98,"h:0,m:18",109,"h:1.02,m:31.63","h:0.00,m:16.51",0.3265306,0.16513762,0.0438573220857411,0.166530612244898,0.0316069685438815,0.155416666666667,100,100,"0.00874097381022411,1,1","0.307843137254902,0.09801488833746899,0.05821371610845297",NA,NA,NA
"25","chr7",63058547,63058548,2,"*","chr7:63058547-63058548","chr7:63058547-63058548",".",1.49845783085502,"h:1,m:5",75,"h:0,m:12",78,"h:1.33,m:6.67","h:0.00,m:15.38",0.08,0.15384616,1,-0.08,0.0340032265068219,-0.106666666666667,100,100,"0.09377208420776793,1,1","-0.18518518518518517,-0.0046153846153846045,-0.04670329670329672",NA,NA,NA
"26","chr7",145506136,145506137,2,"*","chr7:145506136-145506137","chr7:145506136-145506137",".",8.23027798437872,"h:0,m:63",81,"h:3,m:109",117,"h:0.00,m:77.78","h:2.56,m:93.16",0.7777778,0.95726496,0.0021652732643783,-0.182222222222222,0.0186214128658233,-0.155555555555556,100,100,"0.03635884346419304,0.03647630194249935,1","-0.22569444444444442,-0.24725274725274726,-0.011255411255411296","OR2A1-AS1","-",NA
"27","chr8",7278058,7278059,2,"*","chr8:7278058-7278059","chr8:7278058-7278059",".",1.49299145414142,"h:0,m:7",85,"h:1,m:17",102,"h:0.00,m:8.24","h:0.98,m:16.67",0.08235294,0.1764706,1,-0.0941176470588235,0.0329419462368536,-0.116946778711485,100,100,"1,0.4007092827654607,0.18314038600741211","-0.05454545454545455,-0.1420689655172414,-0.12062937062937062",NA,NA,NA
"28","chr8",45382862,45382863,2,"*","chr8:45382862-45382863","chr8:45382862-45382863",".",3.59190987083969,"h:0,m:94",98,"h:2,m:89",105,"h:0.00,m:95.92","h:1.90,m:84.76",0.9591837,0.8666667,1,0.0928104575163398,0.0303276478203493,0.112418300653595,100,100,"1,1,0.04502363612443816","0.045698924731182755,0.07222222222222219,0.14814814814814814",NA,NA,NA
"29","chr8",45628272,45628273,2,"*","chr8:45628272-45628273","chr8:45628272-45628273",".",5.24013591129656,"h:0,m:66",78,"h:1,m:55",89,"h:0.00,m:84.62","h:1.12,m:61.80",0.84615386,0.6292135,0.005646772868801,0.216940363007779,0.0083324329752039,0.21264367816092,100,100,"0.14521194663537865,0.5031339646737971,0.06155625719989595","0.26363636363636367,0.14583333333333337,0.25",NA,NA,NA
"30","chr8",45654086,45654087,2,"*","chr8:45654086-45654087","chr8:45654086-45654087",".",2.20538258888928,"a:7",101,"a:17",99,"a:6.93","a:17.17",0.06930693,0.17171717,0.0587824134658348,-0.105050505050505,0.0287874222823457,-0.106060606060606,100,100,"0.015092436050946647,1,1","-0.2236842105263158,-0.08939393939393939,0.005673758865248235",NA,NA,NA
"31","chr8",86339458,86339459,2,"*","chr8:86339458-86339459","chr8:86339458-86339459",".",3.40798593290714,"h:1,m:90",98,"h:2,m:98",125,"h:1.02,m:91.84","h:1.60,m:78.40",0.9285714,0.8,0.0263883050703647,0.129411764705882,0.0068041623599414,0.150326797385621,100,100,"0.10402247323385029,0.4280644140477464,0.16090560618687008","0.16809116809116809,0.11805555555555558,0.14296241709653645",NA,NA,NA
"32","chr8",86340986,86340987,2,"*","chr8:86340986-86340987","chr8:86340986-86340987",".",3.86328110223337,"h:0,m:85",95,"h:0,m:99",134,"h:0.00,m:89.47","h:0.00,m:73.88",0.8947368,0.73880595,0.0113774328601548,0.164705882352941,0.0340024651727011,0.143790849673202,100,100,"1,0.07984633061625074,0.22713924633228177","0.05284552845528456,0.19238095238095232,0.1636828644501278",NA,NA,NA
"33","chr8",86350746,86350747,2,"*","chr8:86350746-86350747","chr8:86350746-86350747",".",8.00156469360951,"h:2,m:52",75,"h:0,m:96",104,"h:2.67,m:69.33","h:0.00,m:92.31",0.72,0.9230769,0.0017080440776452,-0.20156862745098,0.0004807139746414,-0.231764705882353,100,100,"0.02925174099879332,1,0.029685221342675414","-0.26881720430107525,-0.05833333333333335,-0.23506289308176098","LOC124902048","-",NA
"34","chr8",86539264,86539265,2,"*","chr8:86539264-86539265","chr8:86539264-86539265",".",3.50375545642547,"a:17",75,"a:7",92,"a:22.67","a:7.61",0.22666667,0.07608695,0.0919916249293496,0.150579710144927,0.0155758634897948,0.157777777777778,100,100,"0.3000861858623726,0.07132065110303219,1","0.14583333333333334,0.23809523809523808,0.0713489409141583",NA,NA,NA
"35","chr9",62551055,62551056,2,"*","chr9:62551055-62551056","chr9:62551055-62551056",".",1.26533460936136,"a:17",101,"a:6",76,"a:16.83","a:7.89",0.16831683,0.078947365,1,0.0893694632621157,0.0338062454734779,0.108282828282828,100,100,"0.15447520266095005,1,1","0.17427772600186395,0.013636363636363627,0.07592592592592592",NA,NA,NA
"36","chr9",62552921,62552922,2,"*","chr9:62552921-62552922","chr9:62552921-62552922",".",2.07671252040285,"h:8,m:42",114,"h:6,m:62",119,"h:7.02,m:36.84","h:5.04,m:52.10",0.4385965,0.5714286,0.0892673212339175,-0.132832080200501,0.0370058746988393,-0.160368870895187,100,100,"1,0.02469376612060257,1","-0.07980972515856244,-0.31432858214553644,-0.048701298701298745",NA,NA,NA
"37","chr9",67103949,67103950,2,"*","chr9:67103949-67103950","chr9:67103949-67103950",".",2.03830612771495,"a:16",85,"a:32",97,"a:18.82","a:32.99",0.1882353,0.3298969,0.112516058784147,-0.141661613098848,0.0334786707945681,-0.1875,100,100,"1,0.07769931259432104,0.5962327890716701","-0.07451923076923078,-0.2931034482758621,-0.11951219512195121",NA,NA,NA
"38","chr9",71635823,71635824,2,"*","chr9:71635823-71635824","chr9:71635823-71635824",".",1.15132964115145,"h:2,m:70",84,"h:1,m:96",104,"h:2.38,m:83.33","h:0.96,m:92.31",0.85714287,0.9326923,1,-0.0755494505494506,0.037035460290978,-0.119747899159664,100,100,"1,1,0.3439168606055039","-0.01473684210526316,-0.10389610389610382,-0.10940170940170946",NA,NA,NA
"39","chr9",71638753,71638754,2,"*","chr9:71638753-71638754","chr9:71638753-71638754",".",1.64119490183137,"h:3,m:30",81,"h:5,m:47",91,"h:3.70,m:37.04","h:5.49,m:51.65",0.4074074,0.5714286,0.0806971476476054,-0.164021164021164,0.0427771267951962,-0.185185185185185,100,100,"0.14445995065350858,1,0.4390557623801794","-0.2774193548387096,-0.0875576036866359,-0.15384615384615385",NA,NA,NA
"40","chr9",73067229,73067230,2,"*","chr9:73067229-73067230","chr9:73067229-73067230",".",2.40183463313411,"h:2,m:15",93,"h:1,m:35",116,"h:2.15,m:16.13","h:0.86,m:30.17",0.1827957,0.31034482,0.0573983832917119,-0.127549128661476,0.0280639237537264,-0.145727221279004,100,100,"1,0.03293595256670373,0.2371678650505376","0.034858387799564294,-0.26392961876832843,-0.15649867374005305",NA,NA,NA
"41","chr9",73074519,73074520,2,"*","chr9:73074519-73074520","chr9:73074519-73074520",".",4.09892748618824,"h:1,m:82",94,"h:1,m:113",116,"h:1.06,m:87.23","h:0.86,m:97.41",0.88297874,0.98275864,1,-0.0997798972853998,0.0050713018004516,-0.111488398415393,100,100,"1,0.022268382145436597,1","-0.028241335044929428,-0.2222222222222222,-0.08344827586206893",NA,NA,NA
"42","chr9",73086397,73086398,2,"*","chr9:73086397-73086398","chr9:73086397-73086398",".",2.77176924381536,"h:0,m:102",143,"h:1,m:68",119,"h:0.00,m:71.33","h:0.84,m:57.14",0.7132867,0.57983196,0.0746013310922574,0.130312994763123,0.0326211101199631,0.163136380527685,100,100,"1,0.058062225054907525,0.27243718995891536","0.0336617405582923,0.27777777777777785,0.15797872340425534",NA,NA,NA
"43","chr9",73087293,73087294,2,"*","chr9:73087293-73087294","chr9:73087293-73087294",".",3.91186309416594,"a:2",85,"a:14",104,"a:2.35","a:13.46",0.023529412,0.13461539,0.0112218468836145,-0.111085972850679,0.0104841254299335,-0.115546218487395,100,100,"0.033565806055624786,0.28375951250928544,1","-0.1891891891891892,-0.11969696969696969,-0.0451063829787234",NA,NA,NA
"44","chr9",73089524,73089525,2,"*","chr9:73089524-73089525","chr9:73089524-73089525",".",2.13450894894743,"h:0,m:21",124,"h:0,m:37",125,"h:0.00,m:16.94","h:0.00,m:29.60",0.16935484,0.296,0.0248188337494139,-0.126645161290322,0.0211950769474435,-0.130081300813008,100,100,"0.021784672810279987,1,1","-0.25748194014447884,-0.024999999999999994,-0.103030303030303",NA,NA,NA
"45","chr9",73122136,73122137,2,"*","chr9:73122136-73122137","chr9:73122136-73122137",".",2.2433394471862,"h:2,m:31",72,"h:3,m:22",88,"h:2.78,m:43.06","h:3.41,m:25.00",0.45833334,0.2840909,0.078335094936091,0.174242424242424,0.0436013675355202,0.177681992337165,100,100,"1,0.10423050539251022,0.22658924111688208","0.015669515669515688,0.27999999999999997,0.22619047619047616",NA,NA,NA
"46","chr9",73153616,73153617,2,"*","chr9:73153616-73153617","chr9:73153616-73153617",".",3.92188793764521,"h:4,m:64",70,"h:7,m:71",93,"h:5.71,m:91.43","h:7.53,m:76.34",0.9714286,0.83870965,0.0124292168169094,0.132718894009216,0.0318128778268366,0.135577372604021,100,100,"1,0.2554142430469063,0.019788588247647516","0.018939393939393923,0.15999999999999992,0.22499999999999998",NA,NA,NA
"47","chr9",73153797,73153798,2,"*","chr9:73153797-73153798","chr9:73153797-73153798",".",2.28733962783679,"a:3",63,"a:14",86,"a:4.76","a:16.28",0.04761905,0.1627907,0.0369596607486009,-0.115171650055371,0.0184318940971309,-0.123015873015873,100,100,"0.38169156011381966,0.17586668591364865,1","-0.125,-0.1926406926406926,-0.04634146341463413",NA,NA,NA
"48","chr9",73651497,73651498,2,"*","chr9:73651497-73651498","chr9:73651497-73651498",".",4.37076359210039,"h:3,m:74",90,"h:1,m:60",92,"h:3.33,m:82.22","h:1.09,m:65.22",0.85555553,0.6630435,0.0088589536036219,0.192512077294686,0.0221167935264759,0.177777777777778,100,100,"0.6351044318399268,0.5369686976365106,0.008755521203176212","0.10513739545997602,0.12375000000000003,0.3198924731182795",NA,NA,NA
"49","chr10",40201764,40201765,2,"*","chr10:40201764-40201765","chr10:40201764-40201765",".",4.64727950911066,"h:0,m:79",139,"h:1,m:52",136,"h:0.00,m:56.83","h:0.74,m:38.24",0.5683453,0.3897059,0.0102156926248386,0.178639441388066,0.0142355670738194,0.172463768115942,100,100,"1,1,0.003386371371143406","0.09999999999999998,0.07738095238095233,0.33372048006194355",NA,NA,NA
"50","chr10",41531263,41531264,2,"*","chr10:41531263-41531264","chr10:41531263-41531264",".",3.28032698302465,"h:2,m:43",72,"h:4,m:62",80,"h:2.78,m:59.72","h:5.00,m:77.50",0.625,0.825,0.0204625868904513,-0.2,0.0096930629870944,-0.223290598290598,100,100,"0.19677579247861102,0.4264194420621432,0.14190449437280758","-0.21571906354515047,-0.1681818181818182,-0.24211711711711714",NA,NA,NA
"51","chr10",41570434,41570435,2,"*","chr10:41570434-41570435","chr10:41570434-41570435",".",2.86425714235253,"a:7",120,"a:17",105,"a:5.83","a:16.19",0.058333334,0.16190477,1,-0.103571428571428,0.0061223356869968,-0.110714285714286,100,100,"1,0.3663104670769388,0.22709982209403015","-0.07470049330514447,-0.11330698287220026,-0.11549165120593693",NA,NA,NA
"52","chr10",41572176,41572177,2,"*","chr10:41572176-41572177","chr10:41572176-41572177",".",2.13605740790246,"h:0,m:97",107,"h:1,m:89",111,"h:0.00,m:90.65","h:0.90,m:80.18",0.90654206,0.8108108,1,0.0957312452639554,0.0162357516972082,0.13951093951094,100,100,"0.15689796830969038,0.42373068396464564,1","0.17534607778510214,0.12915601023017897,0.035539215686274495",NA,NA,NA
"53","chr10",41579760,41579761,2,"*","chr10:41579760-41579761","chr10:41579760-41579761",".",6.91724866883709,"a:13",88,"a:1",98,"a:14.77","a:1.02",0.14772727,0.010204081,0.0013973164120368,0.13752319109462,0.0058581049525234,0.126436781609195,100,100,"0.07145566372255754,1,0.05112620066256717","0.14705882352941177,0.09090909090909091,0.16310975609756098",NA,NA,NA
"54","chr10",41581324,41581325,2,"*","chr10:41581324-41581325","chr10:41581324-41581325",".",3.20919554275255,"h:1,m:49",85,"h:1,m:62",80,"h:1.18,m:57.65","h:1.25,m:77.50",0.5882353,0.7875,0.0208585533819093,-0.199264705882353,0.0154906220029228,-0.210622710622711,100,100,"0.10013184715119251,0.5152653560030949,0.3960695243208342","-0.25757575757575757,-0.15873015873015872,-0.16000000000000003",NA,NA,NA
"55","chr10",42848153,42848154,2,"*","chr10:42848153-42848154","chr10:42848153-42848154",".",1.84096481343249,"h:1,m:92",127,"h:1,m:104",124,"h:0.79,m:72.44","h:0.81,m:83.87",0.7322835,0.8467742,0.0831674754133762,-0.114490728981458,0.0183722223182463,-0.147309330236159,100,100,"0.03676854896714745,0.2524560588265896,1","-0.21775025799793601,-0.12318840579710144,-0.0814634146341463",NA,NA,NA
"56","chr10",42849451,42849452,2,"*","chr10:42849451-42849452","chr10:42849451-42849452",".",2.11351698993616,"a:47",113,"a:61",108,"a:41.59","a:56.48",0.4159292,0.5648148,0.0572716356568178,-0.148885611274992,0.0294574375380192,-0.177677677677678,100,100,"0.6532078908480997,0.14505040331069963,0.357500057636603","-0.11553273427471122,-0.24321705426356593,-0.1678779069767442",NA,NA,NA
"57","chr10",42855049,42855050,2,"*","chr10:42855049-42855050","chr10:42855049-42855050",".",2.78974884811805,"h:8,m:125",162,"h:7,m:116",176,"h:4.94,m:77.16","h:3.98,m:65.91",0.82098764,0.6988636,0.0343509848208746,0.122124017957351,0.0385717977828361,0.118986802894849,100,100,"1,0.052254826428104216,1","0.08066502463054193,0.20751633986928109,0.10399820305480689",NA,NA,NA
"58","chr10",42868470,42868471,2,"*","chr10:42868470-42868471","chr10:42868470-42868471",".",1.58526869039258,"h:5,m:104",128,"h:5,m:92",130,"h:3.91,m:81.25","h:3.85,m:70.77",0.8515625,0.74615383,0.108032366571628,0.105408653846154,0.0187787517527535,0.143964562569214,100,100,"0.37819569384457885,0.16160216217987672,1","0.10956521739130431,0.20999999999999996,0.051515151515151514",NA,NA,NA
"59","chr10",42869269,42869270,2,"*","chr10:42869269-42869270","chr10:42869269-42869270",".",4.44310439297095,"a:24",110,"a:8",109,"a:21.82","a:7.34",0.21818182,0.07339449,0.0590820880044801,0.144787322768974,0.0090754110993331,0.166666666666667,100,100,"1,0.057835767458584236,0.16787516849939998","0.04807692307692307,0.2928571428571428,0.14588235294117646",NA,NA,NA
"60","chr10",42869284,42869285,2,"*","chr10:42869284-42869285","chr10:42869284-42869285",".",3.20293149686984,"h:3,m:100",134,"h:8,m:82",138,"h:2.24,m:74.63","h:5.80,m:59.42",0.76865673,0.65217394,0.126184711405723,0.116482803374432,0.0245353425643461,0.149538866930171,100,100,"1,1,0.06933368147255946","0.07346491228070173,0.09482758620689657,0.1979208316673331",NA,NA,NA
"61","chr10",42870525,42870526,2,"*","chr10:42870525-42870526","chr10:42870525-42870526",".",2.76699419191141,"a:100",183,"a:138",206,"a:54.64","a:66.99",0.5464481,0.6699029,0.089530371141132,-0.123454825189665,0.0309836175374431,-0.1300225008036,100,100,"0.2686723241975451,0.40429613575045126,1","-0.1384282624369142,-0.13984461709211993,-0.0910087719298246",NA,NA,NA
"62","chr10",42871700,42871701,2,"*","chr10:42871700-42871701","chr10:42871700-42871701",".",1.77520579358065,"a:93",186,"a:133",221,"a:50.00","a:60.18",0.5,0.60181,1,-0.101809954751131,0.0387254244116884,-0.1143025482398,100,100,"1,0.13840211145353642,1","-0.043030303030303085,-0.19798136645962738,-0.073125",NA,NA,NA
"63","chr10",42872350,42872351,2,"*","chr10:42872350-42872351","chr10:42872350-42872351",".",2.31705806624052,"a:31",185,"a:55",209,"a:16.76","a:26.32",0.16756757,0.2631579,1,-0.0955903271692745,0.0164699828847699,-0.111427892611071,100,100,"1,0.4836624297104865,0.2594585108272345","-0.08267526188557617,-0.11988304093567254,-0.1234963913392141",NA,NA,NA
"64","chr10",42879120,42879121,2,"*","chr10:42879120-42879121","chr10:42879120-42879121",".",1.44040582985042,"h:2,m:74",89,"h:2,m:66",93,"h:2.25,m:83.15","h:2.15,m:70.97",0.85393256,0.7311828,0.120617480898722,0.122749788570738,0.0489958302346541,0.151649981460882,100,100,"0.5058685538177191,0.16489977577612439,1","0.11520737327188935,0.23809523809523803,0.06882591093117407",NA,NA,NA
"65","chr10",42927214,42927215,2,"*","chr10:42927214-42927215","chr10:42927214-42927215",".",2.66354024066646,"h:1,m:66",87,"h:0,m:90",101,"h:1.15,m:75.86","h:0.00,m:89.11",0.77011496,0.8910891,0.0839949306986577,-0.120974166382155,0.025544234675152,-0.153256704980843,100,100,"1,1,0.026333866594055396","-0.048484848484848464,-0.05860805860805862,-0.26104746317512273",NA,NA,NA
"66","chr10",42930803,42930804,2,"*","chr10:42930803-42930804","chr10:42930803-42930804",".",1.97914541744564,"h:3,m:79",105,"h:3,m:92",106,"h:2.86,m:75.24","h:2.83,m:86.79",0.7809524,0.8962264,0.0714720613778113,-0.115274034141959,0.0226859434725441,-0.142857142857143,100,100,"1,0.21241142812807493,0.36478392246258173","-0.06617647058823528,-0.16324324324324324,-0.12884160756501184",NA,NA,NA
"67","chr10",42932365,42932366,2,"*","chr10:42932365-42932366","chr10:42932365-42932366",".",4.11404895144148,"h:5,m:77",102,"h:4,m:58",102,"h:4.90,m:75.49","h:3.92,m:56.86",0.8039216,0.60784316,0.0080797630132997,0.196078431372549,0.035653430861291,0.166666666666667,100,100,"0.05075930447396335,0.5885137588952282,0.30620063407673087","0.24254742547425467,0.12560386473429952,0.17860465116279067",NA,NA,NA
"68","chr11",51573093,51573094,2,"*","chr11:51573093-51573094","chr11:51573093-51573094",".",2.92931775154324,"a:23",78,"a:15",107,"a:29.49","a:14.02",0.2948718,0.14018692,0.0479408097569313,0.152777777777778,0.0265442472699155,0.166666666666667,100,100,"0.1243468093707028,0.02950754958712464,1","0.20833333333333331,0.3230769230769231,-0.02367346938775511",NA,NA,NA
"69","chr11",52414342,52414343,2,"*","chr11:52414342-52414343","chr11:52414342-52414343",".",9.67199306248477,"h:0,m:71",85,"h:4,m:90",95,"h:0.00,m:83.53","h:4.21,m:94.74",0.8352941,0.9894737,0.0028310832347617,-0.152777777777778,0.0056656843605899,-0.138888888888889,100,100,"0.0043053030672295664,0.22699338138841937,1","-0.2727272727272727,-0.11111111111111116,-0.057777777777777706",NA,NA,NA
"70","chr11",52414962,52414963,2,"*","chr11:52414962-52414963","chr11:52414962-52414963",".",2.14565088386087,"a:5",90,"a:17",113,"a:5.56","a:15.04",0.055555556,0.15044248,1,-0.0972222222222222,0.0147909985912536,-0.125,100,100,"0.2522517970982987,0.3506944430675499,1","-0.11059907834101382,-0.12779156327543426,-0.06416464891041163",NA,NA,NA
"71","chr13",17494906,17494907,2,"*","chr13:17494906-17494907","chr13:17494906-17494907",".",5.78097802079623,"a:1",105,"a:13",111,"a:0.95","a:11.71",0.00952381,0.117117114,0.0138351329313345,-0.107593307593308,0.0017967107735113,-0.125611325611326,100,100,"0.1722359450420322,0.0050212540574931875,1","-0.125,-0.25,-0.017508417508417508",NA,NA,NA
"72","chr15",17212433,17212434,2,"*","chr15:17212433-17212434","chr15:17212433-17212434",".",5.12297740459042,"h:0,m:40",125,"h:0,m:17",122,"h:0.00,m:32.00","h:0.00,m:13.93",0.32,0.13934426,0.002626775493546,0.180655737704918,0.0044257868481596,0.167276422764228,100,100,"0.2434913407004794,1,0.009953841764827054","0.14285714285714285,0.0977891156462585,0.2587108013937282",NA,NA,NA
"73","chr15",17286332,17286333,2,"*","chr15:17286332-17286333","chr15:17286332-17286333",".",5.78283451610253,"h:2,m:133",166,"h:5,m:113",180,"h:1.20,m:80.12","h:2.78,m:62.78",0.813253,0.65555555,0.0036760819888452,0.157697456492637,0.0005969866213695,0.184343434343434,100,100,"1,0.004693313271331909,0.3200258512993706","0.09729064039408863,0.3198198198198199,0.1151260504201681",NA,NA,NA
"74","chr15",17292469,17292470,2,"*","chr15:17292469-17292470","chr15:17292469-17292470",".",2.87751444823635,"h:2,m:60",67,"h:1,m:75",97,"h:2.99,m:89.55","h:1.03,m:77.32",0.92537314,0.78350514,0.0364054333688849,0.141867979689183,0.0167644959977268,0.163825757575758,100,100,"1,0.04861179392967497,0.01573543001540177","-0.046666666666666634,0.2857142857142857,0.21568627450980393",NA,NA,NA
"75","chr15",17337003,17337004,2,"*","chr15:17337003-17337004","chr15:17337003-17337004",".",2.46337646854738,"h:2,m:119",190,"h:1,m:150",202,"h:1.05,m:62.63","h:0.50,m:74.26",0.63684213,0.74752474,0.0565587441528531,-0.11068264721209,0.0436996956219558,-0.111979783621575,100,100,"1,1,0.1690254276090993","-0.09081446786364811,-0.0672268907563025,-0.15559440559440563",NA,NA,NA
"76","chr15",17338396,17338397,2,"*","chr15:17338396-17338397","chr15:17338396-17338397",".",1.16349926086895,"a:18",105,"a:11",118,"a:17.14","a:9.32",0.17142858,0.09322034,1,0.0782082324455205,0.0167493388290905,0.121123321123321,100,100,"0.025685940846017743,1,1","0.25320197044334974,0.028431372549019604,0.07301587301587303",NA,NA,NA
"77","chr15",17522481,17522482,2,"*","chr15:17522481-17522482","chr15:17522481-17522482",".",4.05353337321804,"h:1,m:83",129,"h:0,m:91",112,"h:0.78,m:64.34","h:0.00,m:81.25",0.6511628,0.8125,0.0177729916952901,-0.161337209302326,0.0138611919274973,-0.167399958097633,100,100,"0.20028625290754365,0.13731639297617612,1","-0.182033096926714,-0.20615384615384613,-0.06999999999999995",NA,NA,NA
"78","chr15",17579915,17579916,2,"*","chr15:17579915-17579916","chr15:17579915-17579916",".",3.98376574690769,"h:1,m:180",278,"h:0,m:232",307,"h:0.36,m:64.75","h:0.00,m:75.57",0.6510791,0.75570035,1,-0.104934770277935,0.0320680818048121,-0.116940820570996,100,100,"1,0.1188090854097512,0.22290273742219965","-0.0841743762265208,-0.16197010536633183,-0.1051638976201168",NA,NA,NA
"79","chr15",17586422,17586423,2,"*","chr15:17586422-17586423","chr15:17586422-17586423",".",4.03221218314786,"a:4",89,"a:21",123,"a:4.49","a:17.07",0.04494382,0.17073171,0.0061139535179892,-0.125787887092354,0.0009412263562239,-0.15250911129801,100,100,"0.06648947775012429,0.18271246936724836,1","-0.14534161490683228,-0.19865319865319864,-0.09023569023569022",NA,NA,NA
"80","chr16",35936051,35936052,2,"*","chr16:35936051-35936052","chr16:35936051-35936052",".",2.15377235904168,"h:0,m:40",102,"h:0,m:58",104,"h:0.00,m:39.22","h:0.00,m:55.77",0.39215687,0.5576923,0.0410983389569653,-0.16553544494721,0.0307410326737183,-0.176470588235294,100,100,"0.0071975888182680475,0.2788803300608321,1","-0.36356707317073167,-0.20833333333333331,0.052790346907993946",NA,NA,NA
"81","chr16",36590949,36590950,2,"*","chr16:36590949-36590950","chr16:36590949-36590950",".",0.849415128781374,"h:4,m:65",80,"h:4,m:87",97,"h:5.00,m:81.25","h:4.12,m:89.69",0.8625,0.9381443,1,-0.0756443298969071,0.0273874244657573,-0.127403846153846,100,100,"1,0.01306179650032374,1","-0.016564952048822912,-0.30000000000000004,0.0019323671497584183",NA,NA,NA
"82","chr16",49872753,49872754,2,"*","chr16:49872753-49872754","chr16:49872753-49872754",".",2.05129101563429,"h:2,m:49",62,"h:2,m:68",74,"h:3.23,m:79.03","h:2.70,m:91.89",0.82258064,0.9459459,0.0728509057478374,-0.123365300784656,0.0395156080939973,-0.144444444444444,100,100,"1,0.01306179650032374,0.3978208665974421","0.03952569169960474,-0.30000000000000004,-0.1166666666666667",NA,NA,NA
"83","chr16",50584189,50584190,2,"*","chr16:50584189-50584190","chr16:50584189-50584190",".",3.46876412632588,"h:1,m:87",96,"h:3,m:77",102,"h:1.04,m:90.62","h:2.94,m:75.49",0.9166667,0.78431374,0.0299612866134307,0.132352941176471,0.0304495216828024,0.14093137254902,100,100,"0.18956662404788327,0.563042794323905,0.20334718705788404","0.15134099616858232,0.1166666666666667,0.13741496598639458",NA,NA,NA
"84","chr16",50585796,50585797,2,"*","chr16:50585796-50585797","chr16:50585796-50585797",".",4.58668064074106,"a:9",106,"a:29",123,"a:8.49","a:23.58",0.08490566,0.23577236,0.0336462923671879,-0.150866697346219,0.0072480038141146,-0.167711962833914,100,100,"0.042640990495674616,0.15689951512899714,1","-0.19390243902439025,-0.20757363253856945,-0.08910411622276031",NA,NA,NA
"85","chr16",50587074,50587075,2,"*","chr16:50587074-50587075","chr16:50587074-50587075",".",4.19866116033484,"a:2",121,"a:13",126,"a:1.65","a:10.32",0.016528925,0.103174604,1,-0.0846560846560846,0.0077302407057419,-0.10978835978836,100,100,"1,0.010801311963785549,1","-0.06944444444444445,-0.22727272727272727,-0.05084745762711865",NA,NA,NA
"86","chr16",50590938,50590939,2,"*","chr16:50590938-50590939","chr16:50590938-50590939",".",1.73636892775863,"a:90",101,"a:90",114,"a:89.11","a:78.95",0.8910891,0.7894737,1,0.101615424700365,0.028355610116634,0.135832004253057,100,100,"1,0.4260996057805564,1","0.08236808236808235,0.14655172413793105,0.09725274725274724",NA,NA,NA
"87","chr16",50591991,50591992,2,"*","chr16:50591991-50591992","chr16:50591991-50591992",".",2.80924051407271,"h:5,m:23",164,"h:3,m:9",157,"h:3.05,m:14.02","h:1.91,m:5.73",0.17073171,0.07643312,1,0.0891472868217054,0.0060226053198193,0.110895779500431,100,100,"1,0.07612562233804683,1","0.1005260081823495,0.14080100125156444,0.06472148541114059",NA,NA,NA
"88","chr16",50596566,50596567,2,"*","chr16:50596566-50596567","chr16:50596566-50596567",".",2.28373348159323,"a:16",88,"a:8",108,"a:18.18","a:7.41",0.18181819,0.074074075,0.10639496608244,0.107744107744108,0.0476015296629185,0.107598978288633,100,100,"1,1,0.026339076633737964","0.09670329670329672,-0.0017543859649122862,0.24515503875968994",NA,NA,NA
"89","chr16",50599639,50599640,2,"*","chr16:50599639-50599640","chr16:50599639-50599640",".",3.26039747027414,"a:18",115,"a:6",117,"a:15.65","a:5.13",0.15652174,0.051282052,0.0119599047163122,0.106125356125356,0.0084910049306044,0.105413105413105,100,100,"1,1,0.10054362121192627","0.09034749034749034,0.1010752688172043,0.1306122448979592",NA,NA,NA
"90","chr16",50601235,50601236,2,"*","chr16:50601235-50601236","chr16:50601235-50601236",".",4.95863335699664,"a:23",109,"a:6",100,"a:21.10","a:6.00",0.21100917,0.06,0.0110491272972083,0.152962962962963,0.000774387507333,0.163299663299663,100,100,"0.17316738827006092,0.0526825284886888,0.3026024306591797","0.17843137254901958,0.16279069767441862,0.14327485380116958",NA,NA,NA
"91","chr16",50736016,50736017,2,"*","chr16:50736016-50736017","chr16:50736016-50736017",".",5.04826547415598,"h:3,m:122",132,"h:7,m:98",126,"h:2.27,m:92.42","h:5.56,m:77.78",0.9469697,0.8333333,0.0231451491123159,0.111111111111111,0.0196102119036303,0.124338624338624,100,100,"1,0.01548969497109073,1","0.0958709065021357,0.21111111111111103,0.038232373386295926",NA,NA,NA
"92","chr16",50738288,50738289,2,"*","chr16:50738288-50738289","chr16:50738288-50738289",".",2.87914412291957,"h:0,m:102",131,"h:0,m:81",129,"h:0.00,m:77.86","h:0.00,m:62.79",0.77862597,0.627907,0.0391912703502639,0.149870801033592,0.0350268370942052,0.154608096468562,100,100,"0.033637107206577976,0.0479160328125502,1","0.2333333333333334,0.25714285714285723,-0.0580357142857143",NA,NA,NA
"93","chr16",50739727,50739728,2,"*","chr16:50739727-50739728","chr16:50739727-50739728",".",3.20238428812223,"a:55",105,"a:34",100,"a:52.38","a:34.00",0.52380955,0.34,0.0235177424527018,0.183809523809524,0.019359951433241,0.191053391053391,100,100,"0.014193550813200532,0.29524724819752984,1","0.35,0.19565217391304346,0.04484657749803306",NA,NA,NA
"94","chr16",50740043,50740044,2,"*","chr16:50740043-50740044","chr16:50740043-50740044",".",4.2549435391341,"h:0,m:42",123,"h:0,m:61",112,"h:0.00,m:34.15","h:0.00,m:54.46",0.34146342,0.54464287,0.007724136575003,-0.202050264550264,0.0046469705668428,-0.216216216216216,100,100,"0.019074809726640995,0.2569722228153186,0.45349429045789214","-0.3336134453781513,-0.19071076706544693,-0.11041339612768186",NA,NA,NA
"95","chr16",50740490,50740491,2,"*","chr16:50740490-50740491","chr16:50740490-50740491",".",1.73766305422657,"h:0,m:101",123,"h:0,m:109",119,"h:0.00,m:82.11","h:0.00,m:91.60",0.8211382,0.9159664,1,-0.0918923124805477,0.0384274477393815,-0.118233618233618,100,100,"0.184383249459693,1,0.029008950946048485","-0.12948717948717947,0.04999999999999993,-0.2239229024943311",NA,NA,NA
"96","chr16",50741137,50741138,2,"*","chr16:50741137-50741138","chr16:50741137-50741138",".",2.49423908409091,"a:50",94,"a:33",92,"a:53.19","a:35.87",0.5319149,0.35869566,0.047786234288996,0.173219241443108,0.0365747084323916,0.182437275985663,100,100,"1,0.309885513446295,0.09384803561028293","0.06785317018909898,0.1923076923076923,0.2660098522167488",NA,NA,NA
"97","chr16",50742528,50742529,2,"*","chr16:50742528-50742529","chr16:50742528-50742529",".",5.2554150382104,"h:3,m:83",111,"h:1,m:54",99,"h:2.70,m:74.77","h:1.01,m:54.55",0.7747748,0.5555556,0.002871629093204,0.222222222222222,0.008228120686688,0.204545454545455,100,100,"0.5323443579525534,0.5868931016686304,0.013497212895352328","0.13234077750206785,0.1097872340425532,0.3324675324675325",NA,NA,NA
"98","chr16",50742662,50742663,2,"*","chr16:50742662-50742663","chr16:50742662-50742663",".",4.51116349578621,"h:0,m:90",106,"h:3,m:70",102,"h:0.00,m:84.91","h:2.94,m:68.63",0.8490566,0.71568626,0.063088348738621,0.133370329263781,0.0215490141646428,0.161344537815126,100,100,"0.3853325526853564,1,0.28676815953199414","0.12873563218390804,0.08915906788247219,0.16666666666666674",NA,NA,NA
"99","chr16",50743600,50743601,2,"*","chr16:50743600-50743601","chr16:50743600-50743601",".",4.4035170014983,"h:1,m:109",118,"h:3,m:96",123,"h:0.85,m:92.37","h:2.44,m:78.05",0.9322034,0.80487806,0.0113988244670526,0.130307136404697,0.0041374875498188,0.15356820234869,100,100,"0.08611460926562331,1,0.027127070791631153","0.15176252319109462,0.07786429365962177,0.15555555555555556",NA,NA,NA
"100","chr16",50743910,50743911,2,"*","chr16:50743910-50743911","chr16:50743910-50743911",".",4.98240519950031,"h:0,m:89",112,"h:3,m:69",112,"h:0.00,m:79.46","h:2.68,m:61.61",0.79464287,0.64285713,0.0402436530787552,0.153439153439153,0.0248890626769352,0.165665665665666,100,100,"0.12486551223925599,0.5323472049449105,0.488530647917973","0.18607350096711806,0.13481481481481472,0.125",NA,NA,NA
"101","chr16",51003328,51003329,2,"*","chr16:51003328-51003329","chr16:51003328-51003329",".",1.49601425767446,"a:27",87,"a:43",96,"a:31.03","a:44.79",0.31034482,0.44791666,0.0946317533166093,-0.13757183908046,0.0291446952027745,-0.193965517241379,100,100,"0.007506056763003089,0.6422080280940613,1","-0.40476190476190477,-0.11904761904761907,-0.025000000000000022",NA,NA,NA
"102","chr16",51005074,51005075,2,"*","chr16:51005074-51005075","chr16:51005074-51005075",".",1.24841961784017,"h:3,m:74",115,"h:2,m:60",114,"h:2.61,m:64.35","h:1.75,m:52.63",0.6695652,0.54385966,0.250402053890263,0.12280701754386,0.0448067650809189,0.158382066276803,100,100,"1,0.16681920357722885,0.32566444595520805","0.04222821203953275,0.22952853598014888,0.16619915848527356",NA,NA,NA
"103","chr16",51005458,51005459,2,"*","chr16:51005458-51005459","chr16:51005458-51005459",".",7.41530112367644,"a:2",95,"a:19",106,"a:2.11","a:17.92",0.021052632,0.17924528,0.0002610611038348,-0.158192651439921,0.0001507763430145,-0.160675883256528,100,100,"0.15469993384930486,0.039897308621917774,0.05661000836833662","-0.14015572858731926,-0.195906432748538,-0.16",NA,NA,NA
"104","chr16",51006229,51006230,2,"*","chr16:51006229-51006230","chr16:51006229-51006230",".",3.92475479696793,"h:1,m:83",90,"h:1,m:83",107,"h:1.11,m:92.22","h:0.93,m:77.57",0.93333334,0.78504676,0.0098878011743612,0.148286604361371,0.0294986561586157,0.131746031746032,100,100,"0.04601060889974828,1,0.09945290813688637","0.16129032258064513,0.04571428571428571,0.1945098039215687",NA,NA,NA
"105","chr16",51007043,51007044,2,"*","chr16:51007043-51007044","chr16:51007043-51007044",".",2.43263729118226,"h:3,m:63",82,"h:3,m:87",97,"h:3.66,m:76.83","h:3.09,m:89.69",0.80487806,0.92783505,0.0496864879837771,-0.122957002765904,0.017050182749221,-0.149305555555555,100,100,"0.022470331616525015,1,1","-0.2142857142857143,-0.07467532467532467,-0.09745293466223692",NA,NA,NA
"106","chr17",25881287,25881288,2,"*","chr17:25881287-25881288","chr17:25881287-25881288",".",4.23934992546913,"h:0,m:43",77,"h:1,m:27",83,"h:0.00,m:55.84","h:1.20,m:32.53",0.5584416,0.33734939,0.0184236081663848,0.221092160851197,0.0064785709921362,0.251358024691358,100,100,"0.45819750512521173,0.05749862373487821,0.31960078025325295","0.1527093596059113,0.3428571428571429,0.20728291316526615",NA,NA,NA
"107","chr17",26549124,26549125,2,"*","chr17:26549124-26549125","chr17:26549124-26549125",".",3.93289461348479,"a:16",91,"a:8",144,"a:17.58","a:5.56",0.17582418,0.055555556,0.0410789797004263,0.112233445566779,0.0061721376677998,0.132435465768799,100,100,"0.6059444495127192,0.2718030684307234,0.12641484231571934","0.11666666666666668,0.11764705882352941,0.16767676767676767",NA,NA,NA
"108","chr17",27444420,27444421,2,"*","chr17:27444420-27444421","chr17:27444420-27444421",".",5.67558133715073,"a:1",119,"a:14",140,"a:0.84","a:10.00",0.008403362,0.1,1,-0.0886644219977553,0.0215582622160942,-0.108866442199775,100,100,"1,0.002913284665825881,1","-0.08928571428571429,-0.25,-0.01428571428571429",NA,NA,NA
"109","chr17",44120988,44120989,2,"*","chr17:44120988-44120989","chr17:44120988-44120989",".",2.10442423203196,"a:3",78,"a:12",91,"a:3.85","a:13.19",0.03846154,0.13186814,1,-0.0934065934065934,0.0253506569711987,-0.109401709401709,100,100,"0.24513402631172312,1,1","-0.15208333333333335,-0.06896551724137931,-0.06296296296296297",NA,NA,NA
"110","chr17",44133225,44133226,2,"*","chr17:44133225-44133226","chr17:44133225-44133226",".",6.09655679258481,"a:2",93,"a:18",113,"a:2.15","a:15.93",0.021505376,0.15929204,0.0027779536835935,-0.13692480359147,0.0089543131763176,-0.118967452300786,100,100,"0.07562528810757384,1,0.03395746615958907","-0.15789473684210525,-0.07915273132664437,-0.17307692307692307",NA,NA,NA
"111","chr18",15713915,15713916,2,"*","chr18:15713915-15713916","chr18:15713915-15713916",".",2.87176162841041,"h:2,m:72",105,"h:3,m:57",112,"h:1.90,m:68.57","h:2.68,m:50.89",0.7047619,0.53571427,0.0414701904414879,0.169047619047619,0.034903702366528,0.172200772200772,100,100,"0.2063630812621527,0.5922930628272743,0.2860857654450496","0.18321043675553028,0.13540372670807455,0.18287037037037035",NA,NA,NA
"112","chr18",15714712,15714713,2,"*","chr18:15714712-15714713","chr18:15714712-15714713",".",4.00689095204808,"a:11",85,"a:2",97,"a:12.94","a:2.06",0.12941177,0.020618556,0.0153486982871524,0.108793208004851,0.024215029929025,0.108630952380952,100,100,"0.026398290752954173,1,0.11486785783254487","0.215,-0.01136363636363636,0.14814814814814814",NA,NA,NA
"113","chr18",15919553,15919554,2,"*","chr18:15919553-15919554","chr18:15919553-15919554",".",2.83956022136113,"h:1,m:45",97,"h:0,m:77",123,"h:1.03,m:46.39","h:0.00,m:62.60",0.4742268,0.62601626,0.119193256706438,-0.15178945603889,0.0325579480886408,-0.175813008130081,100,100,"0.007229663891641196,0.15638134437695628,0.5594336657337993","-0.33174603174603173,-0.29090909090909084,0.11494252873563215",NA,NA,NA
"114","chr18",16020487,16020488,2,"*","chr18:16020487-16020488","chr18:16020487-16020488",".",2.56917963564928,"h:0,m:62",89,"h:1,m:49",93,"h:0.00,m:69.66","h:1.08,m:52.69",0.6966292,0.53763443,0.0848497385693278,0.158994804880996,0.0300461326682037,0.195031516499815,100,100,"0.5208697349334291,0.14998290424638114,0.4843739974398254","0.14074074074074072,0.26969696969696966,0.13338414634146345",NA,NA,NA
"115","chr18",19403181,19403182,2,"*","chr18:19403181-19403182","chr18:19403181-19403182",".",2.17142652665308,"h:0,m:88",123,"h:1,m:84",143,"h:0.00,m:71.54","h:0.70,m:58.74",0.7154471,0.5944056,0.0887595553180356,0.12104156006595,0.0397177679326971,0.155163466528282,100,100,"1,0.18521357495278912,0.28459805145712563","0.05443974630021142,0.23684210526315785,0.14071294559099434",NA,NA,NA
"116","chr18",19582843,19582844,2,"*","chr18:19582843-19582844","chr18:19582843-19582844",".",2.43502917041604,"h:1,m:61",76,"h:2,m:68",107,"h:1.32,m:80.26","h:1.87,m:63.55",0.81578946,0.6542056,0.0488299709737547,0.161583866207575,0.0230036319850865,0.184761904761905,100,100,"0.0499969842206693,0.4999726105474964,0.39947138315828973","0.2377717391304348,0.17184265010351962,0.13333333333333341",NA,NA,NA
"117","chr18",19584353,19584354,2,"*","chr18:19584353-19584354","chr18:19584353-19584354",".",5.49054268874579,"h:0,m:73",91,"h:5,m:109",123,"h:0.00,m:80.22","h:4.07,m:88.62",0.8021978,0.9268293,0.0271724379619272,-0.124631466094881,0.0450515844425586,-0.121680216802168,100,100,"0.10788855809789796,1,0.3442509971639776","-0.19666666666666666,-0.10119047619047628,-0.11511701454775458",NA,NA,NA
"118","chr18",19584577,19584578,2,"*","chr18:19584577-19584578","chr18:19584577-19584578",".",3.50758775635651,"h:0,m:40",85,"h:2,m:34",116,"h:0.00,m:47.06","h:1.72,m:29.31",0.47058824,0.31034482,0.0922114303961579,0.160243407707911,0.0215092878152284,0.204260651629073,100,100,"0.19208525106424906,0.11411304329462307,1","0.2072336265884653,0.3083333333333333,0.06829511465603189",NA,NA,NA
"119","chr18",19585227,19585228,2,"*","chr18:19585227-19585228","chr18:19585227-19585228",".",2.6952654496061,"h:2,m:39",84,"h:1,m:70",108,"h:2.38,m:46.43","h:0.93,m:64.81",0.48809522,0.6574074,0.0529634715900585,-0.169312169312169,0.0312594785633333,-0.186507936507936,100,100,"0.010990559677704492,0.641947016514517,1","-0.3672727272727273,-0.13095238095238093,-0.03300825206301583",NA,NA,NA
"120","chr18",19824465,19824466,2,"*","chr18:19824465-19824466","chr18:19824465-19824466",".",3.43556395207224,"h:0,m:58",72,"h:0,m:61",101,"h:0.00,m:80.56","h:0.00,m:60.40",0.8055556,0.6039604,0.0154128820217101,0.201595159515952,0.0152940938800467,0.205808080808081,100,100,"0.5296083324424627,0.07618367488625467,0.18137674890779099","0.13286713286713292,0.32000000000000006,0.19499105545617168",NA,NA,NA
"121","chr18",19825196,19825197,2,"*","chr18:19825196-19825197","chr18:19825196-19825197",".",5.92223870242611,"h:4,m:69",92,"h:0,m:110",121,"h:4.35,m:75.00","h:0.00,m:90.91",0.79347825,0.90909094,0.0591674815423305,-0.115612648221344,0.0196592055481027,-0.141666666666667,100,100,"1,0.39030825752825626,0.1582577976723145","-0.08683473389355745,-0.1096866096866097,-0.16372489348752284",NA,NA,NA
"122","chr18",19826888,19826889,2,"*","chr18:19826888-19826889","chr18:19826888-19826889",".",6.75973166977894,"h:8,m:51",94,"h:2,m:89",114,"h:8.51,m:54.26","h:1.75,m:78.07",0.62765956,0.7982456,0.0245781980175534,-0.170586039567003,0.0427486632040542,-0.161007357102433,100,100,"1,1,0.00032696678787899955","-0.027450980392156765,-0.05222734254992312,-0.4267241379310345",NA,NA,NA
"123","chr19",29087819,29087820,2,"*","chr19:29087819-29087820","chr19:29087819-29087820",".",1.63905752116432,"h:0,m:48",139,"h:0,m:85",183,"h:0.00,m:34.53","h:0.00,m:46.45",0.34532374,0.46448088,0.0420447281873627,-0.119157133309746,0.0375478151289092,-0.123901164172012,100,100,"0.021371487307805657,1,1","-0.2520908004778972,-0.05971087366436201,-0.043269230769230727",NA,NA,NA
"124","chr19",29102537,29102538,2,"*","chr19:29102537-29102538","chr19:29102537-29102538",".",3.40528159987133,"h:0,m:76",116,"h:3,m:65",127,"h:0.00,m:65.52","h:2.36,m:51.18",0.6551724,0.53543305,0.265908568411581,0.119739342926962,0.025395899234569,0.166666666666667,100,100,"1,0.29580381163340375,0.12414759346484838","0.03676470588235292,0.2062937062937063,0.22158365261813529",NA,NA,NA
"125","chr19",29221527,29221528,2,"*","chr19:29221527-29221528","chr19:29221527-29221528",".",2.36424245349201,"h:7,m:103",153,"h:6,m:158",200,"h:4.58,m:67.32","h:3.00,m:79.00",0.71895427,0.82,1,-0.101045751633987,0.0288647132916817,-0.122400475341652,100,100,"1,0.10213996866872371,1","-0.10099424385138667,-0.18552036199095023,-0.045692202773357504",NA,NA,NA
"126","chr19",29373418,29373419,2,"*","chr19:29373418-29373419","chr19:29373418-29373419",".",1.595745777947,"h:2,m:73",88,"h:3,m:109",119,"h:2.27,m:82.95","h:2.52,m:91.60",0.85227275,0.9411765,1,-0.0889037433155079,0.036297250062233,-0.109637488947834,100,100,"1,0.020542924316862894,1","0.017027863777089758,-0.2068965517241379,-0.10339622641509438",NA,NA,NA
"127","chr19",29382151,29382152,2,"*","chr19:29382151-29382152","chr19:29382151-29382152",".",3.29514311969967,"h:2,m:21",96,"h:0,m:46",130,"h:2.08,m:21.88","h:0.00,m:35.38",0.23958333,0.35384616,0.505005594599068,-0.11426282051282,0.031441199759258,-0.174176356589147,100,100,"0.2534817892812351,0.15376011460355385,1","-0.18648648648648652,-0.2175824175824176,-0.025287356321839094",NA,NA,NA
"128","chr19",29449639,29449640,2,"*","chr19:29449639-29449640","chr19:29449639-29449640",".",1.72587436229469,"h:0,m:96",197,"h:0,m:89",233,"h:0.00,m:48.73","h:0.00,m:38.20",0.48730963,0.38197425,0.0339232307236833,0.105335395743012,0.0341527610869492,0.106227106227106,100,100,"1,0.39338840088803584,0.1747571812954105","0.005420054200541979,0.14110889110889108,0.165337586390218",NA,NA,NA
"129","chr19",29491383,29491384,2,"*","chr19:29491383-29491384","chr19:29491383-29491384",".",4.87199032601808,"h:0,m:100",109,"h:4,m:96",123,"h:0.00,m:91.74","h:3.25,m:78.05",0.9174312,0.8130081,1,0.10442306257925,0.0464514030249487,0.111788617886179,100,100,"0.0032084112145731904,1,1","0.25914893617021273,-0.05757575757575761,0.03678929765886285",NA,NA,NA
"130","chr19",29532763,29532764,2,"*","chr19:29532763-29532764","chr19:29532763-29532764",".",4.08751405570888,"h:1,m:15",92,"h:0,m:6",122,"h:1.09,m:16.30","h:0.00,m:4.92",0.17391305,0.04918033,0.006903119770717,0.124732715609408,0.0043209936353041,0.125,100,100,"0.016306691893757688,0.3387522610454849,1","0.18000000000000002,0.1703296703296703,0.03985507246376811",NA,NA,NA
"131","chr19",38841396,38841397,2,"*","chr19:38841396-38841397","chr19:38841396-38841397",".",5.66435390513828,"a:3",92,"a:20",113,"a:3.26","a:17.70",0.032608695,0.17699115,0.0012201353838498,-0.144382454790304,0.0005907509099493,-0.148948948948949,100,100,"0.013328239522835359,0.41253996326202447,0.13878805551673473","-0.21052631578947367,-0.14727272727272728,-0.10504844467108618",NA,NA,NA
"132","chr19",40048230,40048231,2,"*","chr19:40048230-40048231","chr19:40048230-40048231",".",1.09267064221018,"a:22",136,"a:35",144,"a:16.18","a:24.31",0.16176471,0.24305555,1,-0.0812908496732026,0.0241737177460574,-0.122685185185185,100,100,"1,0.1706443337877373,1","-0.05924978687127022,-0.2173160173160173,-0.08015873015873017",NA,NA,NA
"133","chr19",40050313,40050314,2,"*","chr19:40050313-40050314","chr19:40050313-40050314",".",1.86620665609848,"a:21",127,"a:39",144,"a:16.54","a:27.08",0.16535433,0.27083334,0.0866364597247295,-0.105479002624672,0.0118044616123958,-0.133928571428571,100,100,"1,0.09510419421327714,1","-0.08603896103896103,-0.23673469387755106,-0.07516339869281044",NA,NA,NA
"134","chr19",40052946,40052947,2,"*","chr19:40052946-40052947","chr19:40052946-40052947",".",3.11119696139849,"a:9",71,"a:30",103,"a:12.68","a:29.13",0.12676056,0.29126215,0.0177528964703383,-0.164501572542048,0.0151695029680409,-0.168371696504689,100,100,"1,0.025224258676393652,0.11556969406647592","0.010714285714285676,-0.28114478114478114,-0.20572640509013784",NA,NA,NA
"135","chr20",26807873,26807874,2,"*","chr20:26807873-26807874","chr20:26807873-26807874",".",3.11255446136022,"a:13",85,"a:4",97,"a:15.29","a:4.12",0.15294118,0.041237112,0.0143178903917228,0.111704063068526,0.0058126695479615,0.12202380952381,100,100,"0.3866260113293085,0.043918424408411934,1","0.10810810810810811,0.23076923076923078,0.05793226381461675",NA,NA,NA
"136","chr20",27030996,27030997,2,"*","chr20:27030996-27030997","chr20:27030996-27030997",".",2.36086408306988,"h:1,m:18",111,"h:0,m:34",121,"h:0.90,m:16.22","h:0.00,m:28.10",0.17117117,0.28099173,0.0678118908917227,-0.109820564366019,0.0112158844350923,-0.147522522522522,100,100,"0.3556538318657698,0.2030121979693998,1","-0.14470588235294118,-0.21181716833890749,-0.05851063829787234",NA,NA,NA
"137","chr20",27060837,27060838,2,"*","chr20:27060837-27060838","chr20:27060837-27060838",".",2.56809735086435,"h:0,m:34",89,"h:1,m:59",109,"h:0.00,m:38.20","h:0.92,m:54.13",0.38202247,0.5504587,0.0433323731125011,-0.168436243686218,0.0473315167694183,-0.169220945083014,100,100,"1,0.173878836298519,0.33519585895932485","-0.08333333333333337,-0.23481781376518213,-0.1716312056737589",NA,NA,NA
"138","chr20",27626025,27626026,2,"*","chr20:27626025-27626026","chr20:27626025-27626026",".",3.14077746047781,"h:2,m:82",194,"h:2,m:117",209,"h:1.03,m:42.27","h:0.96,m:55.98",0.4329897,0.569378,0.0127890683501081,-0.136388299708972,0.0226476604147785,-0.133303140096618,100,100,"0.04902635053450575,1,0.3289865532074382","-0.19557133198106824,-0.06837606837606836,-0.12966476913345987",NA,NA,NA
"139","chr20",27631463,27631464,2,"*","chr20:27631463-27631464","chr20:27631463-27631464",".",3.3624836698325,"h:3,m:56",102,"h:0,m:43",101,"h:2.94,m:54.90","h:0.00,m:42.57",0.57843137,0.42574257,0.0697085018169541,0.152688798291594,0.0258000011733406,0.194592988710636,100,100,"0.23335868792763514,0.021998174309679635,1","0.1842105263157895,0.3798701298701298,0.05816135084427765",NA,NA,NA
"140","chr20",27681733,27681734,2,"*","chr20:27681733-27681734","chr20:27681733-27681734",".",4.0477780196772,"a:2",88,"a:14",105,"a:2.27","a:13.33",0.022727273,0.13333334,0.0105896886063303,-0.110606060606061,0.012506929720045,-0.112315270935961,100,100,"1,0.38446978242697116,0.1858239825363385","-0.10256410256410256,-0.12391304347826086,-0.1072768192048012",NA,NA,NA
"141","chr20",27740337,27740338,2,"*","chr20:27740337-27740338","chr20:27740337-27740338",".",2.81613717722018,"h:1,m:76",129,"h:0,m:87",118,"h:0.78,m:58.91","h:0.00,m:73.73",0.5968992,0.7372881,0.0764192497420716,-0.140388910787019,0.0246691408661472,-0.162194394752534,100,100,"1,0.03560532417806641,0.2960868881491447","-0.022822822822822886,-0.31326644370122636,-0.1384905660377359",NA,NA,NA
"142","chr20",27750414,27750415,2,"*","chr20:27750414-27750415","chr20:27750414-27750415",".",4.35414469154523,"h:4,m:58",106,"h:5,m:90",122,"h:3.77,m:54.72","h:4.10,m:73.77",0.5849057,0.77868855,0.0070359679910391,-0.193782864212805,0.007698484608838,-0.194047619047619,100,100,"0.21268633671445306,0.5857710452216792,0.021303392937195763","-0.17137355584082148,-0.11250000000000004,-0.29323308270676696",NA,NA,NA
"143","chr20",27764692,27764693,2,"*","chr20:27764692-27764693","chr20:27764692-27764693",".",1.6643861497048,"h:1,m:61",134,"h:1,m:88",151,"h:0.75,m:45.52","h:0.66,m:58.28",0.46268657,0.589404,0.0587968545929989,-0.126717406345755,0.0497109908661735,-0.132121212121212,100,100,"1,0.06354886463695053,0.2206308451574798","0.022425249169435224,-0.2654192654192654,-0.16312997347480102",NA,NA,NA
"144","chr20",27800871,27800872,2,"*","chr20:27800871-27800872","chr20:27800871-27800872",".",2.54639625449329,"h:1,m:96",138,"h:0,m:67",119,"h:0.72,m:69.57","h:0.00,m:56.30",0.70289856,0.56302524,0.0562386462122668,0.139873340640604,0.0488753581521287,0.147342995169082,100,100,"0.5993498585059036,1,0.02986036810630881","0.10681818181818181,0.0862068965517242,0.2597826086956522",NA,NA,NA
"145","chr20",27859419,27859420,2,"*","chr20:27859419-27859420","chr20:27859419-27859420",".",1.55911504980924,"h:0,m:17",94,"h:0,m:9",110,"h:0.00,m:18.09","h:0.00,m:8.18",0.18085106,0.08181818,1,0.0990328820116054,0.0142871410448196,0.127240143369176,100,100,"1,0.18784486998459216,1","0.09942084942084943,0.15384615384615385,0.10080645161290322",NA,NA,NA
"146","chr20",28372425,28372426,2,"*","chr20:28372425-28372426","chr20:28372425-28372426",".",4.1855177394836,"a:2",92,"a:14",107,"a:2.17","a:13.08",0.02173913,0.13084112,0.0105052157982807,-0.109101991060544,0.0045585918534122,-0.122222222222222,100,100,"1,0.05856195431344898,0.056921331984115","0.0042229729729729715,-0.23569023569023567,-0.14583333333333334",NA,NA,NA
"147","chr20",28403816,28403817,2,"*","chr20:28403816-28403817","chr20:28403816-28403817",".",4.85475871807353,"h:9,m:103",132,"h:11,m:120",136,"h:6.82,m:78.03","h:8.09,m:88.24",0.8484849,0.9632353,0.004043870269446,-0.114750445632799,0.0053495197731164,-0.122390572390572,100,100,"0.047919850744394976,1,0.19026005098719848","-0.16047297297297303,-0.07860520094562651,-0.1145431145431145",NA,NA,NA
"148","chr20",28417085,28417086,2,"*","chr20:28417085-28417086","chr20:28417085-28417086",".",6.51456410219885,"h:0,m:143",145,"h:2,m:122",138,"h:0.00,m:98.62","h:1.45,m:88.41",0.9862069,0.89855075,1,0.0876561719140429,0.00028752852926,0.116545893719807,100,100,"1,1,0.012542799769648456","0.054545454545454564,0.07848837209302328,0.13725490196078427",NA,NA,NA
"149","chr20",30704245,30704246,2,"*","chr20:30704245-30704246","chr20:30704245-30704246",".",5.47880157060467,"a:1",110,"a:14",134,"a:0.91","a:10.45",0.009090909,0.104477614,1,-0.0953867028493894,0.0268590304750212,-0.106060606060606,100,100,"0.1252877591057883,0.1179178776379416,1","-0.13333333333333333,-0.13727272727272727,-0.0625",NA,NA,NA
"150","chr20",32181697,32181698,2,"*","chr20:32181697-32181698","chr20:32181697-32181698",".",5.51315745661947,"a:2",94,"a:16",106,"a:2.13","a:15.09",0.021276595,0.1509434,0.0020518390658148,-0.129666800481734,0.0040225579643892,-0.12258064516129,100,100,"1,1,0.004112276736719408","-0.0315018315018315,-0.07999999999999999,-0.2391304347826087",NA,NA,NA
"151","chr20",32182346,32182347,2,"*","chr20:32182346-32182347","chr20:32182346-32182347",".",3.53773755888392,"a:5",94,"a:18",101,"a:5.32","a:17.82",0.05319149,0.17821783,0.0140423975575646,-0.125026332420476,0.0012126078816038,-0.149560117302053,100,100,"0.06131376765322403,0.4481205025399449,1","-0.2121212121212121,-0.12592592592592594,-0.06361149110807113",NA,NA,NA
"152","chr21",5528416,5528417,2,"*","chr21:5528416-5528417","chr21:5528416-5528417",".",3.39905032058027,"a:13",112,"a:38",154,"a:11.61","a:24.68",0.116071425,0.24675325,0.0485724560654857,-0.130681818181818,0.0122763386418735,-0.149266913972796,100,100,"0.5122532117939799,0.03765641857325979,1","-0.11421911421911424,-0.24038461538461542,-0.05790441176470587","LOFF_G0010787","+",NA
"153","chr21",5554042,5554043,2,"*","chr21:5554042-5554043","chr21:5554042-5554043",".",1.66613155427433,"h:0,m:67",121,"h:0,m:84",122,"h:0.00,m:55.37","h:0.00,m:68.85",0.553719,0.6885246,0.0753244094004695,-0.134805581899472,0.0230122505662562,-0.175,100,100,"0.27076000494024666,0.25169748853219914,0.5225258980737182","-0.17129892229154853,-0.18297872340425536,-0.1267281105990784",NA,NA,NA
"154","chr21",5556217,5556218,2,"*","chr21:5556217-5556218","chr21:5556217-5556218",".",3.32149071631812,"a:25",81,"a:47",92,"a:30.86","a:51.09",0.30864197,0.51086956,0.0235928972280939,-0.202227589908749,0.0486811415730135,-0.193827160493827,100,100,"0.1028201952905611,1,0.028366124443402793","-0.2909698996655518,0.027149321266968285,-0.34330011074197125",NA,NA,NA
"155","chr21",5559693,5559694,2,"*","chr21:5559693-5559694","chr21:5559693-5559694",".",3.42221991756108,"h:2,m:58",66,"h:5,m:60",87,"h:3.03,m:87.88","h:5.75,m:68.97",0.90909094,0.74712646,0.0282678820891955,0.1619644723093,0.0382534708781556,0.166144200626959,100,100,"0.3768774223325466,0.2360096251996084,0.2920109120726617","0.13888888888888884,0.20434782608695656,0.15233415233415226",NA,NA,NA
"156","chr21",5565530,5565531,2,"*","chr21:5565530-5565531","chr21:5565530-5565531",".",3.56501479460871,"h:10,m:61",101,"h:10,m:103",133,"h:9.90,m:60.40","h:7.52,m:77.44",0.7029703,0.84962404,0.0266019590964921,-0.146653763120673,0.0324484750891217,-0.148989898989899,100,100,"1,0.21492378188540462,0.22132101392162096","-0.10000000000000009,-0.20370370370370372,-0.14095449500554946","LOFF_G0010788","+","RNA, 45S pre-ribosomal 4"
"157","chr21",5565534,5565535,2,"*","chr21:5565534-5565535","chr21:5565534-5565535",".",2.80178855977016,"h:8,m:69",105,"h:20,m:94",134,"h:7.62,m:65.71","h:14.93,m:70.15",0.73333335,0.8507463,0.0824226701969278,-0.117412935323383,0.0428070619965879,-0.136147186147186,100,100,"1,0.3132202593523842,0.08187148524967582","-0.014285714285714346,-0.16976127320954904,-0.18820638820638813","LOFF_G0010788","+","RNA, 45S pre-ribosomal 4"
"158","chr21",5580055,5580056,2,"*","chr21:5580055-5580056","chr21:5580055-5580056",".",2.28820603158601,"a:20",115,"a:42",142,"a:17.39","a:29.58",0.17391305,0.29577464,0.0285809632585209,-0.121861604409063,0.0146707305410184,-0.134565136244867,100,100,"0.3800304627255976,0.0028831183077691826,1","-0.11600429645542426,-0.29411764705882354,-0.03589232303090728",NA,NA,NA
"159","chr21",5600526,5600527,2,"*","chr21:5600526-5600527","chr21:5600526-5600527",".",3.93280473651865,"h:0,m:33",81,"h:1,m:24",112,"h:0.00,m:40.74","h:0.89,m:21.43",0.4074074,0.22321428,0.0157677044073577,0.184193121693122,0.0141912394808597,0.193526860193527,100,100,"0.09404147849937895,0.1923431418561464,0.6010831980962176","0.2382739212007505,0.23130434782608697,0.11141304347826086",NA,NA,NA
"160","chr21",5600597,5600598,2,"*","chr21:5600597-5600598","chr21:5600597-5600598",".",1.9929094222997,"a:7",92,"a:17",94,"a:7.61","a:18.09",0.07608695,0.18085106,1,-0.104764107308048,0.0203292330982887,-0.127240143369176,100,100,"0.3000861858623726,0.19151522367522,1","-0.14583333333333334,-0.18099547511312214,-0.036713286713286705",NA,NA,NA
"161","chr22",12885842,12885843,2,"*","chr22:12885842-12885843","chr22:12885842-12885843",".",1.47725372644379,"h:2,m:105",141,"h:2,m:141",168,"h:1.42,m:74.47","h:1.19,m:83.93",0.75886524,0.85119045,1,-0.0923252279635258,0.030615021048719,-0.118414387031408,100,100,"1,0.053851902651122795,1","-0.0572390572390572,-0.20670995670995673,-0.07530454042081958",NA,NA,NA
"162","chr22",12901651,12901652,2,"*","chr22:12901651-12901652","chr22:12901651-12901652",".",2.93494546386182,"h:3,m:40",93,"h:1,m:67",110,"h:3.23,m:43.01","h:0.91,m:60.91",0.4623656,0.6181818,0.118264267329339,-0.155816226783969,0.0281832021497773,-0.191756272401434,100,100,"0.08146701471669607,0.5840758326063409,1","-0.28333333333333327,-0.13636363636363635,-0.0871212121212121",NA,NA,NA
"163","chr22",15452931,15452932,2,"*","chr22:15452931-15452932","chr22:15452931-15452932",".",1.53558146467628,"h:1,m:28",138,"h:1,m:52",169,"h:0.72,m:20.29","h:0.59,m:30.77",0.21014492,0.31360948,1,-0.103464539919389,0.0373565025955819,-0.106625258799172,100,100,"1,0.6777114248646461,0.3330130144325402","-0.08754208754208753,-0.12753623188405794,-0.11824080749819754",NA,NA,NA
"164","chr22",15477011,15477012,2,"*","chr22:15477011-15477012","chr22:15477011-15477012",".",3.97548260077053,"a:4",104,"a:18",119,"a:3.85","a:15.13",0.03846154,0.15126051,0.0054501631027001,-0.112798965740142,0.0038954514512071,-0.115887380593263,100,100,"0.17097540017492038,0.22784561744884022,0.1258927805515511","-0.10622710622710624,-0.12666666666666668,-0.11420454545454545",NA,NA,NA
"165","chr22",15477186,15477187,2,"*","chr22:15477186-15477187","chr22:15477186-15477187",".",1.69177699108133,"h:1,m:39",116,"h:0,m:62",138,"h:0.86,m:33.62","h:0.00,m:44.93",0.3448276,0.44927537,1,-0.104447776111944,0.0482231909995069,-0.147978642257818,100,100,"1,0.017071066563450567,1","0.035094339622641524,-0.3716690042075736,-0.08653846153846156",NA,NA,NA
"166","chr22",15524953,15524954,2,"*","chr22:15524953-15524954","chr22:15524953-15524954",".",1.50943116212412,"a:14",84,"a:8",105,"a:16.67","a:7.62",0.16666667,0.07619048,1,0.0904761904761904,0.0189080468220002,0.107142857142857,100,100,"0.17382205371157852,0.12730554272318909,1","0.12903225806451613,0.20925925925925926,-0.021870286576168935",NA,NA,NA
"167","chrX",58083321,58083322,2,"*","chrX:58083321-58083322","chrX:58083321-58083322",".",2.24458638296483,"h:1,m:49",110,"h:0,m:40",126,"h:0.91,m:44.55","h:0.00,m:31.75",0.45454547,0.31746033,0.0542077822840564,0.137085137085137,0.0334334270639255,0.150793650793651,100,100,"1,0.14938389271645322,0.2771377956396718","0.03598484848484851,0.2357142857142857,0.1716129032258064",NA,NA,NA
"168","chrX",58097728,58097729,2,"*","chrX:58097728-58097729","chrX:58097728-58097729",".",3.50058702888299,"h:0,m:51",101,"h:2,m:80",122,"h:0.00,m:50.50","h:1.64,m:65.57",0.5049505,0.6721311,0.0338045850732393,-0.167180652491479,0.0247808669230219,-0.180050505050505,100,100,"0.18274904679885454,0.7132803098941035,0.17174870093570302","-0.20714285714285718,-0.10666666666666669,-0.1948998178506376",NA,NA,NA
"169","chrX",59345855,59345856,2,"*","chrX:59345855-59345856","chrX:59345855-59345856",".",2.59937752050345,"h:0,m:56",90,"h:0,m:64",80,"h:0.00,m:62.22","h:0.00,m:80.00",0.62222224,0.8,0.0367820150002419,-0.177777777777778,0.0185324963771679,-0.196581196581196,100,100,"0.21312735299301724,0.14426375252663848,1","-0.2084398976982097,-0.25779967159277506,-0.07407407407407407",NA,NA,NA
"170","chrX",59348999,59349000,2,"*","chrX:59348999-59349000","chrX:59348999-59349000",".",1.92712766540822,"h:1,m:61",88,"h:1,m:84",101,"h:1.14,m:69.32","h:0.99,m:83.17",0.70454544,0.84158415,0.0774920967190409,-0.137038703870387,0.011834461204647,-0.179031696273075,100,100,"0.3491788196263969,0.01025917628621422,1","-0.13888888888888884,-0.2962962962962963,-0.06286266924564798",NA,NA,NA
"171","chrX",60773561,60773562,2,"*","chrX:60773561-60773562","chrX:60773561-60773562",".",4.67385284535482,"h:0,m:52",111,"h:2,m:32",114,"h:0.00,m:46.85","h:1.75,m:28.07",0.46846846,0.2982456,0.0489142329031726,0.170222854433381,0.0253477401286225,0.169748696064486,100,100,"0.2800422279554868,0.14856046205310833,0.6127570248248954","0.18484848484848487,0.2272727272727273,0.11149825783972123",NA,NA,NA
